{
  "loss": 0.008540576323866844,
  "val_loss": 0.0031664539128541946,
  "epoch": 35,
  "global_step": 396
}