{
  "loss": 0.016016701236367226,
  "val_loss": 0.06475570052862167,
  "epoch": 1,
  "global_step": 8
}