{
  "loss": 0.009051039814949036,
  "val_loss": 0.006937575526535511,
  "epoch": 4,
  "global_step": 55
}