{
  "loss": 0.0041429223492741585,
  "val_loss": 0.0017895307391881943,
  "epoch": 7,
  "global_step": 88
}