{
  "loss": 0.008148770779371262,
  "val_loss": 0.0038041758816689253,
  "epoch": 24,
  "global_step": 275
}