{
  "loss": 0.012679166160523891,
  "val_loss": 0.03790714219212532,
  "epoch": 7,
  "global_step": 40
}